{"balance": 19.58351732799929, "position": {"side": "Sell", "entry_price": 71087.68, "qty": 0.014, "sl": 71798.55679999999, "tp": 68955.0496, "features": {"open": 71847.6, "high": 71857.9, "low": 70992.6, "close": 71069.3, "volume": 6263.1, "RSI": 51.541302646741066, "MACD": 430.7919523612509, "BB_upper": 72094.04423015185, "BB_lower": 70996.94576984817, "MA_5": 71324.0, "MA_10": 71495.27, "ATR": 601.2671610138589, "close_lag1": 71847.6, "close_lag2": 71554.8, "RSI_lag1": 61.51408512840526, "MACD_lag1": 498.53192764557025}, "label": 0, "entry_time": "2026-04-08T19:55:48.279447"}}