{
  "reset_time": "2026-04-07 12:31 UTC",
  "since_time_ms": 1775565077853,
  "cumRealisedPnl_offset": -8.54512183,
  "totalTrades_offset": 55,
  "todayPnl_offset": -0.30212613,
  "todayTrades_offset": 6
}